{
	"AEKAthens": "AEK",
	"Ajax": "Ajax",
	"Albania": "Albania",
	"Anderlecht": "Anderlecht",
	"Antwerpen": "Antwerp",
	"ArisLimassol": "Aris L",
	"Arsenal": "Arsenal",
	"AstonVilla": "Aston Villa",
	"Atalanta": "Atalanta",
	"AthleticClub": "Athletic B",
	"AtleticoMadrid": "Atletico M",
	"Augsburg": "Augsburg",
	"Austria": "Austria",
	"AzAlkmaar": "AZ Alkmaar",
	"BackaTopola": "Backa Topola",
	"Barcelona": "Barcelona",
	"Basel": "Basel",
	"BayerLeverkusen": "Leverkusen",
	"BayernMunich": "Bayern",
	"Belgium": "Belgium",
	"Benfica": "Benfica",
	"Besiktas": "Beşiktaş",
	"Betis": "Betis",
	"Bochum": "Bochum",
	"BodoeGlimt": "Bodø/Glimt",
	"Bologna": "Bologna",
	"BorussiaDortmund": "Dortmund",
	"BorussiaMGladbach": "Mönchengladbach",
	"Bournemouth": "Bournemouth",
	"Brann": "Brann",
	"Brentford": "Brentford",
	"Brest": "Brest",
	"Brighton": "Brighton",
	"Burnley": "Burnley",
	"CeltaVigo": "Celta Vigo",
	"Celtic": "Celtic",
	"Chelsea": "Chelsea",
	"ClubBruges": "Club Brugge",
	"Copenhagen": "Copenhagen",
	"Croatia": "Croatia",
	"CrvenaZvezda": "Red Star",
	"CrystalPalace": "Crystal Palace",
	"CzechRepublic": "Czech Republic",
	"Darmstadt": "Darmstadt",
	"Denmark": "Denmark",
	"DinamoZagreb": "Dinamo Z",
	"DynamoKyiv": "Dynamo K",
	"EintrachtFrankfurt": "Eintracht F",
	"Elfsborg": "Elfsborg",
	"England": "England",
	"Everton": "Everton",
	"FCSB": "FCSB",
	"Fenerbahce": "Fenerbahçe",
	"Ferencvaros": "Ferencváros",
	"Feyenoord": "Feyenoord",
	"France": "France",
	"Freiburg": "Freiburg",
	"Fulham": "Fulham",
	"Galatasaray": "Galatasaray",
	"Genk": "Genk",
	"Georgia": "Georgia",
	"Germany": "Germany",
	"Girona": "Girona",
	"GoAheadEagles": "Go Ahead Eagles",
	"Haecken": "Häcken",
	"Hamburg": "Hamburg",
	"Heidenheim": "Heidenheim",
	"Hoffenheim": "Hoffenheim",
	"HolsteinKiel": "Holstein Kiel",
	"Hungary": "Hungary",
	"Inter": "Inter",
	"Ipswich": "Ipswich",
	"Italy": "Italy",
	"Juventus": "Juventus",
	"KairatAlmaty": "Kairat",
	"Koln": "Cologne",
	"LASK": "LASK",
	"Lazio": "Lazio",
	"Leeds": "Leeds",
	"Leicester": "Leicester",
	"Lens": "Lens",
	"Lille": "Lille",
	"Liverpool": "Liverpool",
	"Ludogorets": "Ludogorets",
	"Luton": "Luton",
	"Lyon": "Lyon",
	"MaccabiHaifa": "Maccabi H",
	"MaccabiTelAviv": "Maccabi T-A",
	"Mainz": "Mainz",
	"Malmoe": "Malmö",
	"ManchesterCity": "Man.City",
	"ManchesterUnited": "Man.United",
	"Marseille": "Marseille",
	"Midtjylland": "Midtjylland",
	"Milan": "AC Milan",
	"Molde": "Molde",
	"Monaco": "Monaco",
	"Napoli": "Napoli",
	"Netherlands": "Netherlands",
	"Newcastle": "Newcastle",
	"Nice": "Nice",
	"NottinghamForest": "Nottingham",
	"Olympiacos": "Olympiacos",
	"PAOK": "PAOK",
	"PSG": "PSG",
	"PSV": "PSV",
	"Pafos": "Pafos",
	"Panathinaikos": "Panathinaikos",
	"Poland": "Poland",
	"Porto": "Porto",
	"Portugal": "Portugal",
	"Qarabag": "Qarabağ",
	"RBLeipzig": "RB Leipzig",
	"RFS": "Riga FC",
	"Rakow": "Raków",
	"Rangers": "Rangers",
	"RealMadrid": "Real M",
	"RealSociedad": "Real S",
	"Rennes": "Rennes",
	"Roma": "Roma",
	"Romania": "Romania",
	"Salzburg": "Salzburg",
	"Scotland": "Scotland",
	"Serbia": "Serbia",
	"Servette": "Servette",
	"Sevilla": "Sevilla",
	"Shakhtar": "Shakhtar",
	"SheffieldUnited": "Sheffield U",
	"Sheriff": "Sheriff Tiraspol",
	"SlaviaPrague": "Slavia",
	"Slovakia": "Slovakia",
	"SlovanBratislava": "Slovan B",
	"Slovenia": "Slovenia",
	"Southampton": "Southampton",
	"Spain": "Spain",
	"SpartaPrague": "Sparta",
	"SportingBraga": "Braga",
	"SportingLisbon": "Sporting CP",
	"StPauli": "St.Pauli",
	"Sturm": "Sturm Graz",
	"Stuttgart": "Stuttgart",
	"Sunderland": "Sunderland",
	"Switzerland": "Switzerland",
	"Tottenham": "Tottenham",
	"Toulouse": "Toulouse",
	"Turkey": "Turkey",
	"Twente": "Twente",
	"Ukraine": "Ukraine",
	"UnionBerlin": "Union Berlin",
	"UnionStGilloise": "Union St-G",
	"Utrecht": "Utrecht",
	"ViktoriaPlzen": "Viktoria P",
	"Villarreal": "Villarreal",
	"WerderBremen": "Werder",
	"WestHam": "West Ham",
	"Wolfsburg": "Wolfsburg",
	"Wolverhampton": "Wolverhampton",
	"YoungBoys": "Young Boys"
}
