{
	"AEKAthens": "AEK",
	"Ajax": "Ajax",
	"Albania": "Albanien",
	"Anderlecht": "Anderlecht",
	"Antwerpen": "Antwerpen",
	"ArisLimassol": "Aris L",
	"Arsenal": "Arsenal",
	"AstonVilla": "Aston Villa",
	"Atalanta": "Atalanta",
	"AthleticClub": "Athletic B",
	"AtleticoMadrid": "Atlético M",
	"Augsburg": "Augsburg",
	"Austria": "Österreich",
	"AzAlkmaar": "AZ Alkmaar",
	"BackaTopola": "Backa Topola",
	"Barcelona": "Barcelona",
	"Basel": "Basel",
	"BayerLeverkusen": "Leverkusen",
	"BayernMunich": "Bayern",
	"Belgium": "Belgien",
	"Benfica": "Benfica",
	"Besiktas": "Beşiktaş",
	"Betis": "Betis",
	"Bochum": "Bochum",
	"BodoeGlimt": "Bodø/Glimt",
	"Bologna": "Bologna",
	"BorussiaDortmund": "Dortmund",
	"BorussiaMGladbach": "Mönchengladbach",
	"Bournemouth": "Bournemouth",
	"Brann": "Brann",
	"Brentford": "Brentford",
	"Brest": "Brest",
	"Brighton": "Brighton",
	"Burnley": "Burnley",
	"CeltaVigo": "Celta Vigo",
	"Celtic": "Celtic",
	"Chelsea": "Chelsea",
	"ClubBruges": "FC Brügge",
	"Copenhagen": "Kopenhagen",
	"Croatia": "Kroatien",
	"CrvenaZvezda": "Roter Stern",
	"CrystalPalace": "Crystal Palace",
	"CzechRepublic": "Tschechien",
	"Darmstadt": "Darmstadt",
	"Denmark": "Dänemark",
	"DinamoZagreb": "Dinamo Z",
	"DynamoKyiv": "Dynamo K",
	"EintrachtFrankfurt": "Eintracht F",
	"Elfsborg": "Elfsborg",
	"England": "England",
	"Everton": "Everton",
	"FCSB": "FCSB",
	"Fenerbahce": "Fenerbahçe",
	"Ferencvaros": "Ferencváros",
	"Feyenoord": "Feyenoord",
	"France": "Frankreich",
	"Freiburg": "Freiburg",
	"Fulham": "Fulham",
	"Galatasaray": "Galatasaray",
	"Genk": "Genk",
	"Georgia": "Georgien",
	"Germany": "Deutschland",
	"Girona": "Girona",
	"GoAheadEagles": "Go Ahead Eagles",
	"Haecken": "BK Häcken",
	"Hamburg": "Hamburger SV",
	"Heidenheim": "Heidenheim",
	"Hoffenheim": "Hoffenheim",
	"HolsteinKiel": "Holstein Kiel",
	"Hungary": "Ungarn",
	"Inter": "Inter",
	"Ipswich": "Ipswich",
	"Italy": "Italien",
	"Juventus": "Juventus",
	"Kairat Almaty": "Kairat Almaty",
	"Koln": "Köln",
	"LASK": "LASK",
	"Lazio": "Lazio",
	"Leeds": "Leeds",
	"Leicester": "Leicester",
	"Lens": "Lens",
	"Lille": "Lille",
	"Liverpool": "Liverpool",
	"Ludogorets": "Ludogorets",
	"Luton": "Luton",
	"Lyon": "Lyon",
	"MaccabiHaifa": "Maccabi H",
	"MaccabiTelAviv": "Maccabi T-A",
	"Mainz": "Mainz",
	"Malmoe": "Malmö",
	"ManchesterCity": "Man.City",
	"ManchesterUnited": "Man.United",
	"Marseille": "Marseille",
	"Midtjylland": "Midtjylland",
	"Milan": "Mailand",
	"Molde": "Molde",
	"Monaco": "Monaco",
	"Napoli": "Neapel",
	"Netherlands": "Niederlande",
	"Newcastle": "Newcastle",
	"Nice": "Nizza",
	"NottinghamForest": "Nottingham",
	"Olympiacos": "Olympiakos",
	"PAOK": "PAOK",
	"PSG": "PSG",
	"PSV": "PSV Eindhoven",
	"Pafos": "Pafos",
	"Panathinaikos": "Panathinaikos",
	"Poland": "Polen",
	"Porto": "Porto",
	"Portugal": "Portugal",
	"Qarabag": "Qarabağ",
	"RBLeipzig": "RB Leipzig",
	"RFS": "Riga FC",
	"Rakow": "Raków",
	"Rangers": "Rangers",
	"RealMadrid": "Real M",
	"RealSociedad": "Real S",
	"Rennes": "Rennes",
	"Roma": "AS Rom",
	"Romania": "Rumänien",
	"Salzburg": "Salzburg",
	"Scotland": "Schottland",
	"Serbia": "Serbien",
	"Servette": "Servette",
	"Sevilla": "Sevilla",
	"Shakhtar": "Schachtar",
	"SheffieldUnited": "Sheffield U",
	"Sheriff": "Sheriff Tiraspol",
	"SlaviaPrague": "Slavia",
	"Slovakia": "Slowakei",
	"SlovanBratislava": "Slovan B",
	"Slovenia": "Slowenien",
	"Southampton": "Southampton",
	"Spain": "Spanien",
	"SpartaPrague": "Sparta",
	"SportingBraga": "Sporting B",
	"SportingLisbon": "Sporting L",
	"StPauli": "St.Pauli",
	"Sturm": "Sturm Graz",
	"Stuttgart": "Stuttgart",
	"Sunderland": "Sunderland",
	"Switzerland": "Schweiz",
	"Tottenham": "Tottenham",
	"Toulouse": "Toulouse",
	"Turkey": "Türkei",
	"Twente": "Twente",
	"Ukraine": "Ukraine",
	"UnionBerlin": "Union",
	"UnionStGilloise": "Union St-G",
	"Utrecht": "Utrecht",
	"ViktoriaPlzen": "Viktoria P",
	"Villarreal": "Villarreal",
	"WerderBremen": "Bremen",
	"WestHam": "West Ham",
	"Wolfsburg": "Wolfsburg",
	"Wolverhampton": "Wolverhampton",
	"YoungBoys": "Young Boys"
}
